figure_id	analysis	title	static_png	static_pdf	interactive_html	caption
king_kinship_ibs0	KING relatedness	KING-Robust kinship versus IBS0	results/relatedness/king/king_kinship_vs_ibs0.png	results/relatedness/king/king_kinship_vs_ibs0.pdf	results/figures/king_kinship_vs_ibs0.html	Pairwise KING-Robust kinship estimates versus IBS0 among the 46 post-QC Cinque Terre individuals. Each point represents one pair of individuals; hover text reports both sample IDs, IBS0, kinship, and relationship class. Horizontal reference lines mark the exploratory third-degree threshold (0.0442) and the second-degree lower bound (0.0884).
pca_unmasked_pc1_pc2	PCA	Joint PCA: PC1 versus PC2	results/population_structure/pca/smartpca/unmasked/pc1_pc2.png		results/figures/pca_unmasked_pc1_pc2.html	Joint smartpca analysis of the 46 Cinque Terre and 503 1000 Genomes EUR individuals using the primary MAF>=0.05, LD-pruned marker panel. Hover text reports sample ID, population, and PC coordinates.
pca_unmasked_pc2_pc3	PCA	Joint PCA: PC2 versus PC3	results/population_structure/pca/smartpca/unmasked/pc2_pc3.png		results/figures/pca_unmasked_pc2_pc3.html	Joint smartpca PC2-PC3 view using the same primary preprocessing. Hover text identifies each individual and its population.
pca_highld_pc1_pc2	PCA sensitivity	High-LD-mask PCA sensitivity: PC1 versus PC2	results/population_structure/pca/smartpca/highld_masked/pc1_pc2.png		results/figures/pca_highld_pc1_pc2.html	Sensitivity PCA after excluding 18 predefined GRCh37 high-LD regions before LD pruning. Hover labels report sample and population.
pca_highld_pc2_pc3	PCA sensitivity	High-LD-mask PCA sensitivity: PC2 versus PC3	results/population_structure/pca/smartpca/highld_masked/pc2_pc3.png		results/figures/pca_highld_pc2_pc3.html	PC2-PC3 sensitivity view after excluding predefined high-LD regions. Hover labels report sample and population.
roh_froh_ge1_5mb	ROH / FROH	FROH from ROH >=1.5 Mb	results/roh/population_distributions/froh_ge1.5mb_by_population.png	results/roh/population_distributions/froh_ge1.5mb_by_population.pdf	results/figures/roh_froh_ge1_5mb.html	Individual FROH calculated from all autosomal ROH >=1.5 Mb using a 2.77-Gb autosomal denominator. Hover text reports sample ID, population, FROH, total ROH length, and ROH count.
roh_froh_ge5mb	ROH / FROH	FROH contributed by ROH >=5 Mb	results/roh/population_distributions/froh_ge5mb_by_population.png	results/roh/population_distributions/froh_ge5mb_by_population.pdf	results/figures/roh_froh_ge5mb.html	Individual contribution to FROH from very long ROH >=5 Mb. Hover text identifies the individual and its long-ROH burden.
roh_nroh_vs_total	ROH / FROH	ROH count versus total ROH length	results/roh/population_distributions/nroh_vs_total_roh.png	results/roh/population_distributions/nroh_vs_total_roh.pdf	results/figures/roh_nroh_vs_total.html	Relationship between the number of ROH >=1.5 Mb and their summed physical length for each individual. Hover labels report sample, population, N_ROH, total ROH length, maximum ROH, and FROH.
ld_decay_maf005	Selection LD decay	Cinque Terre LD decay, MAF >=0.05	results/selection/ld_decay/summary/maf005.ld_decay.png	results/selection/ld_decay/summary/maf005.ld_decay.pdf	results/figures/ld_decay_maf005.html	Mean pairwise r2 as a function of physical distance in the final QCed Cinque Terre cohort using the MAF>=0.05 marker panel selected for LASSI calibration. Baseline mean r2 for 0.5-1.5 kb is 0.4145; one third is 0.1382; the first crossing is 55.5 kb and the five-bin stable crossing is 57.5 kb.
ld_decay_maf001	Selection LD decay sensitivity	Cinque Terre LD decay sensitivity, MAF >=0.01	results/selection/ld_decay/summary/maf001.ld_decay.png	results/selection/ld_decay/summary/maf001.ld_decay.pdf	results/figures/ld_decay_maf001.html	Prespecified lower-MAF sensitivity for CT LD-decay calibration. The first one-third-baseline crossing is 63.5 kb and the five-bin stable crossing is 67.5 kb. This is retained as a robustness check only.
ld_decay_ceu	Selection LD decay benchmark	CEU LD decay, MAF >=0.05	results/selection/ld_decay/reference/CEU/CEU.ld_decay.png	results/selection/ld_decay/reference/CEU/CEU.ld_decay.pdf	results/figures/ld_decay_ceu.html	Population-specific CEU LD decay used to calibrate the CEU LASSI window. Mean baseline r2 at 0.5-1.5 kb is 0.4126; the first and stable one-third-baseline crossing are both 53.5 kb, which converts to a median 116 SNPs and winsize/winstep 116/12.
ld_decay_tsi	Selection LD decay comparator	TSI LD decay, MAF >=0.05	results/selection/ld_decay/reference/TSI/TSI.ld_decay.png	results/selection/ld_decay/reference/TSI/TSI.ld_decay.pdf	results/figures/ld_decay_tsi.html	Population-specific TSI LD decay used to calibrate the TSI LASSI window. Mean baseline r2 at 0.5-1.5 kb is 0.4086; the first and stable one-third-baseline crossing are both 52.5 kb, which converts to a median 112 SNPs and winsize/winstep 112/11.
ld_decay_ibs	Selection LD decay comparator	IBS LD decay, MAF >=0.05	results/selection/ld_decay/reference/IBS/IBS.ld_decay.png	results/selection/ld_decay/reference/IBS/IBS.ld_decay.pdf	results/figures/ld_decay_ibs.html	Population-specific IBS LD decay used to calibrate the IBS LASSI window. Mean baseline r2 at 0.5-1.5 kb is 0.4113; the first and stable one-third-baseline crossing are both 53.5 kb, which converts to a median 116 SNPs and winsize/winstep 116/12.
ld_decay_population_comparison	Selection LD decay comparison	Population-specific LD decay: CT, CEU, TSI and IBS			results/figures/ld_decay_population_comparison.html	Comparison of population-specific MAF>=0.05 LD-decay curves used for LASSI calibration. The one-third-baseline crossings are 55.5 kb in CT, 53.5 kb in CEU, 52.5 kb in TSI and 53.5 kb in IBS. Hover displays population, distance bin, mean r2 and pair count.
