POP1	POP2	OBS_CT	HUDSON_FST	SE
CEU	CT	287815	0.0077535	0.000159458
CEU	FIN	287799	0.00618549	7.81367e-05
CEU	GBR	287787	0.00031653	3.18497e-05
CEU	IBS	287796	0.00230597	4.64343e-05
CEU	TSI	287798	0.00346362	5.44683e-05
CT	FIN	287815	0.0158024	0.000185658
CT	GBR	287815	0.00813886	0.00015683
CT	IBS	287815	0.00603848	0.000150084
CT	TSI	287815	0.0053019	0.0001417
FIN	GBR	287790	0.00659861	8.51788e-05
FIN	IBS	287795	0.010168	0.000105431
FIN	TSI	287793	0.0116828	0.000114336
GBR	IBS	287789	0.0025142	4.99953e-05
GBR	TSI	287793	0.00385377	6.02294e-05
IBS	TSI	287797	0.0015252	3.5887e-05
