metric	value
matched_samples	549
dimensions	2
standardized_procrustes_disparity	0.002048293548841287
normalized_rms_displacement_per_sample	0.0019315676640689193
orthogonal_transform_determinant	1
fitted_isotropic_scale_masked_to_unmasked	0.9989555437126392
coordinate_rmse_after_alignment	0.0019310389785736773
mean_sample_displacement	0.0023620453470569657
median_sample_displacement	0.0020992656943440756
p95_sample_displacement	0.0048547742286540515
max_sample_displacement	0.008183916652741121
CEU_mean_displacement	0.002313809922159416
CEU_max_displacement	0.005561819237188659
CEU_centroid_shift_PC1_PC2	0.0016749560557433602
CT_mean_displacement	0.002729450482267364
CT_max_displacement	0.008183916652741121
CT_centroid_shift_PC1_PC2	0.0024115124203695475
FIN_mean_displacement	0.0024274964959482928
FIN_max_displacement	0.005872010101115609
FIN_centroid_shift_PC1_PC2	0.000826756366618628
GBR_mean_displacement	0.0023403472663922563
GBR_max_displacement	0.006954898698058958
GBR_centroid_shift_PC1_PC2	0.001297772858795272
IBS_mean_displacement	0.002093844446073677
IBS_max_displacement	0.005584265757285214
IBS_centroid_shift_PC1_PC2	0.0008068906399666615
TSI_mean_displacement	0.002474821317623684
TSI_max_displacement	0.006660975641452403
TSI_centroid_shift_PC1_PC2	0.0021259340165937007
