population	endpoint	n	mean	sd	q1	median	q3	min	max	zero_fraction
CT	primary_froh_ge1.5mb	46	0.014572525514048031	0.01290352292141043	0.004725722563176896	0.009293414440433212	0.023715145758122745	0.0005419812274368231	0.06142058555956679	0.0
CT	secondary_froh_ge5mb	46	0.006690747425835818	0.009197920609020527	0.0	0.0022752938628158846	0.011715600992779782	0.0	0.043242835740072205	0.34782608695652173
CEU	primary_froh_ge1.5mb	99	0.0047117783648761985	0.004934988839129824	0.002994478880866426	0.004014070758122744	0.005110875992779783	0.0005800296028880866	0.038416458122743684	0.0
CEU	secondary_froh_ge5mb	99	0.0006559206760748277	0.0042281638422856874	0.0	0.0	0.0	0.0	0.03376577870036101	0.9494949494949495
FIN	primary_froh_ge1.5mb	99	0.008846631820005104	0.004253432670171173	0.005642370577617328	0.008832144404332129	0.01097821678700361	0.0016441386281588447	0.02887127725631769	0.0
FIN	secondary_froh_ge5mb	99	0.0012534983262225139	0.002049825546010618	0.0	0.0	0.001992177797833935	0.0	0.01033437689530686	0.6363636363636364
GBR	primary_froh_ge1.5mb	91	0.0061084066013408975	0.005724594974304702	0.003086952888086643	0.004671413718411552	0.006890609566787003	0.0011948851985559567	0.03369230974729242	0.0
GBR	secondary_froh_ge5mb	91	0.0012515479430316974	0.004263215926384687	0.0	0.0	0.0	0.0	0.024843996750902528	0.8461538461538461
IBS	primary_froh_ge1.5mb	107	0.006543450521272648	0.006325972822935668	0.003189521480144404	0.004501642960288809	0.007541712815884477	0.0006139830324909748	0.0421792166064982	0.0
IBS	secondary_froh_ge5mb	107	0.0019146402206552178	0.004925764835840341	0.0	0.0	0.0	0.0	0.029326380505415167	0.7570093457943925
TSI	primary_froh_ge1.5mb	107	0.004380493626640575	0.005439220153996746	0.0019742584837545126	0.003064451985559567	0.0048209440433213	0.0	0.05044586028880867	0.028037383177570093
TSI	secondary_froh_ge5mb	107	0.0011416290057019469	0.0045531728706544134	0.0	0.0	0.0	0.0	0.043518730685920576	0.822429906542056
