chromosome	n_markers	first_position_bp	last_position_bp	terminal_marker_span_bp	markers_per_mb_terminal_span	mean_intermarker_gap_bp	median_intermarker_gap_bp	p95_intermarker_gap_bp	p99_intermarker_gap_bp	max_intermarker_gap_bp	n_intermarker_gaps
1	373191	705882	249216384	248510503	1501.7111771730629	665.9087917682682	316.0	2009.0	3901.109999999986	21133173	373190
2	403845	11320	243178168	243166849	1660.7732577889349	602.1306445062945	318.0	1986.0	3839.0	3020293	403844
3	346959	60197	197901039	197840843	1753.7278690224748	570.2155361744072	305.0	1926.0	3683.0	3001902	346958
4	356818	27955	190915650	190887696	1869.256151533203	534.9736559637013	282.0	1808.0	3477.0	3021494	356817
5	307007	12225	180719407	180707183	1698.9197380161697	588.6112388682957	312.0	1953.0	3738.0	3035800	307006
6	335264	202452	170921759	170719308	1963.8317652974551	509.210103709625	260.0	1755.0	3322.0	3104808	335263
7	285583	40386	159122935	159082550	1795.1874671357732	557.0468341842274	288.0	1829.0	3542.0	3003720	285582
8	263941	46198	146301338	146255141	1804.6613486222682	554.1226793968326	280.0	1842.0	3629.0	3035985	263940
9	207658	47242	141108122	141060881	1472.1161425328119	679.2974953890309	285.0	1813.0	3578.0	18385784	207657
10	252918	82037	135477898	135395862	1867.9891413520452	535.3371303629253	274.0	1739.0	3345.0	3202643	252917
11	246403	175190	134945710	134770521	1828.3152589430147	546.9538396603924	284.0	1822.0	3531.0	3213096	246402
12	236270	82650	133839505	133756856	1766.4141268392254	566.1210526984073	302.0	1889.0	3596.0	3000434	236269
13	182294	19020917	115109852	96088936	1897.1382927999118	527.1125879764994	286.0	1798.0	3395.1599999999744	151176	182293
14	161008	19001446	107288377	88286932	1823.6900564174098	548.342190091114	295.0	1855.0	3529.9400000000023	394841	161007
15	137753	20000538	102471267	82470730	1670.325944732149	598.689884720367	301.0	1934.0	3834.4899999999907	692961	137752
16	144438	83520	90172754	90089235	1603.2770175038115	623.7268428449773	260.0	1789.0	3978.639999999985	11130598	144437
17	132009	828	81152877	81152050	1626.6871878159577	614.7509923640991	301.0	1991.0	3965.929999999993	3021086	132008
18	139821	47492	78015230	77967739	1793.3186442664448	557.6293663281361	292.0	1834.0	3435.6199999999953	3106710	139820
19	115365	240867	59097308	58856442	1960.108291969127	510.180307548282	247.0	1680.0	3270.3699999999953	3128513	115364
20	110604	61098	62955706	62894609	1758.5608966898894	568.6519172174353	294.0	1822.0	3479.979999999996	3100879	110603
21	70978	9411410	48101335	38689926	1834.5343953358815	545.1051044704623	253.0	1645.0	3140.0	3213117	70977
22	68200	16051249	51224600	35173352	1938.9678868252306	515.7458467132949	255.0	1686.0	3309.1200000000244	337691	68199
