condition	gap_kb	window_het	population	n_samples	mean_N_ROH	median_N_ROH	mean_TOTAL_ROH_MB	median_TOTAL_ROH_MB	mean_MAX_ROH_MB	median_MAX_ROH_MB
gap100_het0	100	0	CEU	99	0.8888888888888888	0	1.727209383838384	0.0	0.9206667070707071	0.0
gap100_het0	100	0	CT	46	7.543478260869565	4.0	21.556273413043478	12.331223999999999	3.9915717173913046	3.7206885
gap100_het0	100	0	FIN	99	2.7373737373737375	2	5.553600262626262	4.388777	2.005967434343434	2.182297
gap100_het0	100	0	GBR	91	1.4725274725274726	1	3.1024513296703295	1.6145260000000001	1.3029998131868132	1.6145260000000001
gap100_het0	100	0	IBS	107	1.8224299065420562	1	3.7577678130841123	1.614685	1.3443805420560748	1.609244
gap100_het0	100	0	TSI	107	0.8785046728971962	0	1.875846355140187	0.0	0.8735126074766355	0.0
gap100_het1	100	1	CEU	99	3.595959595959596	3	8.112558636363637	6.35175	2.465032	2.111538
gap100_het1	100	1	CT	46	8.782608695652174	7.0	35.56596097826087	19.5390545	9.129359434782609	6.5731705
gap100_het1	100	1	FIN	99	7.707070707070707	7	18.616556282828284	19.050151999999997	4.1761237474747475	3.682578
gap100_het1	100	1	GBR	91	4.549450549450549	4	11.324401384615385	7.402337999999999	3.1937954615384614	2.252361
gap100_het1	100	1	IBS	107	4.728971962616822	3	13.114380308411215	7.615451	3.797957214953271	2.894656
gap100_het1	100	1	TSI	107	2.9813084112149535	2	7.661327009345794	4.844218	2.8746067663551402	2.048844
gap500_het0	500	0	CEU	99	0.9090909090909091	0	1.7653574646464647	0.0	0.9236316464646465	0.0
gap500_het0	500	0	CT	46	7.717391304347826	4.0	22.08977656521739	12.331223999999999	3.992292260869565	3.7206885
gap500_het0	500	0	FIN	99	2.8181818181818183	2	5.739308151515152	4.8837649999999995	2.0551733434343435	2.2294110000000003
gap500_het0	500	0	GBR	91	1.5384615384615385	1	3.213535659340659	1.621773	1.3551783956043957	1.621773
gap500_het0	500	0	IBS	107	1.897196261682243	1	3.935770168224299	1.638585	1.3968727102803737	1.6176780000000002
gap500_het0	500	0	TSI	107	0.897196261682243	0	1.9144997757009345	0.0	0.8880364579439253	0.0
gap500_het1	500	1	CEU	99	3.8484848484848486	3	8.617890232323232	6.923492	2.534821808080808	2.175284
gap500_het1	500	1	CT	46	8.956521739130435	7.0	36.57970608695652	20.327398	9.23210795652174	6.5731705
gap500_het1	500	1	FIN	99	8.030303030303031	8	19.412186141414143	19.48305	4.267829919191919	3.690538
gap500_het1	500	1	GBR	91	4.824175824175824	4	11.936560087912088	7.573702	3.2757824945054947	2.380942
gap500_het1	500	1	IBS	107	4.850467289719626	4	13.633625261682242	7.788	4.038105242990654	2.932209
gap500_het1	500	1	TSI	107	3.1682242990654204	2	8.138451570093459	5.08971	2.9788461775700936	2.081649
gap1000_het0	1000	0	CEU	99	1.0101010101010102	1	1.9669535050505051	1.5161859999999998	1.0372219696969698	1.5161859999999998
gap1000_het0	1000	0	CT	46	7.891304347826087	4.5	22.44639045652174	13.0170165	3.992292260869565	3.7206885
gap1000_het0	1000	0	FIN	99	3.121212121212121	3	6.2881956767676765	5.261094	2.1480410505050505	2.2294110000000003
gap1000_het0	1000	0	GBR	91	1.6703296703296704	1	3.473251769230769	1.704353	1.476454076923077	1.682192
gap1000_het0	1000	0	IBS	107	2.0373831775700935	1	4.213650635514019	1.788	1.5037506074766356	1.763078
gap1000_het0	1000	0	TSI	107	1.02803738317757	0	2.163323196261682	0.0	1.0598875420560747	0.0
gap1000_het1	1000	1	CEU	99	4.252525252525253	4	9.433073777777778	7.4903949999999995	2.5965334545454546	2.24497
gap1000_het1	1000	1	CT	46	9.391304347826088	8.0	37.549617043478264	20.595031	9.23210795652174	6.5731705
gap1000_het1	1000	1	FIN	99	8.636363636363637	8	20.601735363636365	20.285795999999998	4.275471828282829	3.690538
gap1000_het1	1000	1	GBR	91	5.318681318681318	4	12.912042274725275	8.295851	3.3139455274725274	2.380942
gap1000_het1	1000	1	IBS	107	5.261682242990654	4	14.415328186915888	8.596803	4.055701626168224	2.932209
gap1000_het1	1000	1	TSI	107	3.5514018691588785	3	8.886029233644859	5.6944230000000005	3.0362377196261683	2.191205
