parameter	value	status
samples	549	frozen
ct_samples	46	frozen
eur_samples	503	frozen
marker_panel	joint_CT_plus_1000G_EUR	frozen
maf_scope	joint	frozen
maf_threshold	0.05	frozen
variants	4878327	frozen
ld_pruning	NO	frozen
homozyg_window_snp	50	frozen
homozyg_snp	50	frozen_nonbinding
homozyg_kb	1500	frozen
homozyg_density_kb_per_snp	50	frozen
homozyg_gap_kb	250	frozen
homozyg_window_missing	1	frozen
homozyg_window_het	2	frozen
homozyg_window_threshold	0.05	frozen
homozyg_global_het	UNSET	frozen
froh_denominator_bp	2770000000	frozen
production_roh_count	3933	observed
production_individuals_with_roh	546	observed
production_individuals_zero_roh	3	observed
ct_mean_total_roh_mb_ge1.5	40.365895673913045	observed
ct_mean_froh_ge1.5	0.014572525514048031	observed
ct_median_froh_ge1.5	0.009293414440433212	observed
ct_mean_total_roh_mb_ge5	18.53337036956522	observed
ct_mean_froh_ge5	0.006690747425835818	observed
ct_median_froh_ge5	0.0022752938628158846	observed
homozyg_density_binding	FALSE	observed
max_observed_roh_density_kb_per_snp	11.383	observed
density100_exact_identity	TRUE	observed
density1000_exact_identity	TRUE	observed
