condition	population	n_samples	mean_N_ROH	median_N_ROH	mean_TOTAL_ROH_MB	median_TOTAL_ROH_MB	mean_MAX_ROH_MB	median_MAX_ROH_MB
population_history_unpruned	CEU	99	4.252525252525253	4	9.433073777777778	7.4903949999999995	2.5965334545454546	2.24497
population_history_unpruned	CT	46	9.391304347826088	8.0	37.549617043478264	20.595031	9.23210795652174	6.5731705
population_history_unpruned	FIN	99	8.636363636363637	8	20.601735363636365	20.285795999999998	4.275471828282829	3.690538
population_history_unpruned	GBR	91	5.318681318681318	4	12.912042274725275	8.295851	3.3139455274725274	2.380942
population_history_unpruned	IBS	107	5.261682242990654	4	14.415328186915888	8.596803	4.055701626168224	2.932209
population_history_unpruned	TSI	107	3.5514018691588785	3	8.886029233644859	5.6944230000000005	3.0362377196261683	2.191205
light_vif_howrigan	CEU	99	1.1515151515151516	1	2.367463414141414	1.548465	1.1498165252525252	1.548465
light_vif_howrigan	CT	46	8.021739130434783	5.0	28.192754413043478	15.109980499999999	5.635123260869565	4.602373
light_vif_howrigan	FIN	99	3.3838383838383836	3	7.047810898989899	5.638167999999999	2.239165494949495	2.3876950000000003
light_vif_howrigan	GBR	91	1.89010989010989	1	3.9999806483516482	1.814025	1.5523035384615385	1.702641
light_vif_howrigan	IBS	107	2.2149532710280373	1	4.790818682242991	1.823681	1.6222708504672898	1.761635
light_vif_howrigan	TSI	107	1.0467289719626167	0	2.439690140186916	0.0	1.0818731121495326	0.0
